,# PCS,CumVarExp(%)
0,2.0,47.73834215633187
1,5.0,75.85646019420444
2,6.0,82.61576843657991
3,7.0,88.4139028528102
4,8.0,92.66193769276869
5,9.0,95.97684131004696
6,10.0,98.4328073066738
