,# PCS,Cumulative Varation Explained (percentage)
0,2,47.73834215633187
1,5,75.85646019420444
2,6,82.61576843657991
3,7,88.4139028528102
4,8,92.66193769276869
5,9,95.97684131004696
6,10,98.4328073066738
